<?xml version='1.0' encoding='UTF-8' standalone='yes'?>
<addons>
<?xml version="1.0" encoding="UTF-8"?>
    <addon id="repository.southpaw" name="[COLOR dodgerblue]The South[/COLOR][COLOR red] Paw Repository[/COLOR]" version="0.8.4" provider-name="Tom">
        <extension point="xbmc.addon.repository" name="[COLOR dodgerblue]The South[/COLOR][COLOR red] Paw Repository[/COLOR]">
		    <dir>
                <info compressed="false">https://southpawlefty2468rocky.com/_repo/addons.xml</info>
                <checksum>https://southpawlefty2468rocky.com/_repo/addons.xml.md5</checksum>
                <datadir zip="true">https://southpawlefty2468rocky.com/_repo/</datadir>
				<hashes>false</hashes>
			</dir>

		<dir>
        <info compressed="false">https://raw.githubusercontent.com/Gujal00/smrzips/master/addons.xml</info>
        <checksum>https://raw.githubusercontent.com/Gujal00/smrzips/master/addons.xml.md5</checksum>
        <datadir zip="true">https://raw.githubusercontent.com/Gujal00/smrzips/master/zips/</datadir>
        </dir>

		<dir minversion="19.0">
            <info compressed="false">https://raw.githubusercontent.com/CocoJoe2411/repository.cocoscrapers/master/zips/addons.xml</info>
            <checksum>https://raw.githubusercontent.com/CocoJoe2411/repository.cocoscrapers/master/zips/addons.xml.md5</checksum>
            <datadir zip="true">https://raw.githubusercontent.com/CocoJoe2411/repository.cocoscrapers/master/zips/</datadir>
        </dir>
        </extension>
        <extension point="xbmc.addon.metadata">
            <summary>Please do NOT post this Repository on Youtube, Facebook, Blogs or anywhere on the internet, thank you.</summary>
            <description>This repository nor the addons within does not form part of the Kodi Media Centre. Please do not seek assistance with this repository or the addons from any of the Official Kodi Support Channels.The authors do not host any of the content in these addons and takes no responsibility for content found</description>
            <platform>all</platform>
            <genre>movies,usa</genre>
			<assets>
            <icon>icon.png</icon>
            <fanart>fanart.jpg</fanart>
            </assets>
        </extension>
    </addon>
    <?xml version="1.0" encoding="UTF-8"?>
<addon id="repository.aussieaddons" name="Aussie Add-ons" provider-name="Aussie Add-ons" version="1.2.0">
  <extension name="Aussie Add-ons Repository" point="xbmc.addon.repository">
    <dir minversion="1.0.0" maxversion="18.9.0">
      <info compressed="false">https://r.aussieaddons.com/repository/leia/addons.xml</info>
      <checksum>https://r.aussieaddons.com/repository/leia/addons.xml.md5</checksum>
      <datadir zip="true">https://r.aussieaddons.com/repository/leia/</datadir>
    </dir>
    <dir minversion="18.9.701">
      <info compressed="false">https://r.aussieaddons.com/repository/matrix/addons.xml</info>
      <checksum>https://r.aussieaddons.com/repository/matrix/addons.xml.md5</checksum>
      <datadir zip="true">https://r.aussieaddons.com/repository/matrix/</datadir>
    </dir>
  </extension>
  <extension point="xbmc.addon.metadata">
    <summary>Install Aussie Add-ons</summary>
    <description>Download and install add-ons from the Aussie Add-ons repository. See https://aussieaddons.com for more information.</description>
    <platform>all</platform>
  </extension>
</addon>
<?xml version="1.0" encoding="UTF-8" standalone="yes"?>
<addon id="repository.xbmcadult" name="XBMC-Adult Addons" version="1.0.8" provider-name="xbmc-adult">
	<extension point="xbmc.addon.repository" name="XBMC Adult Addons">
		<dir>
			<info compressed="false">https://raw.githubusercontent.com/xbmc-adult/xbmc-adult/ghmaster/addons.xml</info>
			<checksum>https://raw.githubusercontent.com/xbmc-adult/xbmc-adult/ghmaster/addons.xml.md5</checksum>
			<datadir zip="true">https://raw.githubusercontent.com/xbmc-adult/xbmc-adult/ghmaster</datadir>
		</dir>
	</extension>
	<extension point="xbmc.addon.metadata">
		<summary>XBMC Addons for Adults Only</summary>
		<description>This repository contains addons that are for adults only. You may only view the contents of this repository if you are at least 18 years of age, or at least the age of majority in the jurisdiction where you reside or from which you access this content.</description>
		<disclaimer>The owners and submitters to this repository do not host or distribute any of the content displayed by these addons nor do they have any affiliation with the content providers.</disclaimer>
		<platform>all</platform>
	</extension>
</addon>
</addons>
